application_id,top_feature
APP_00001,score
APP_00002,score
APP_00003,score
APP_00004,score
APP_00005,score
APP_00006,score
APP_00007,score
APP_00008,score
APP_00009,score
APP_00010,score
APP_00011,score
APP_00012,score
APP_00013,score
APP_00014,score
APP_00015,score
APP_00016,score
APP_00017,score
APP_00018,score
APP_00019,score
APP_00020,score
APP_00021,score
APP_00022,score
APP_00023,score
APP_00024,score
APP_00025,score
APP_00026,score
APP_00027,score
APP_00028,score
APP_00029,score
APP_00030,score
APP_00031,score
APP_00032,score
APP_00033,score
APP_00034,score
APP_00035,score
APP_00036,score
APP_00037,score
APP_00038,score
APP_00039,score
APP_00040,score
APP_00041,score
APP_00042,score
APP_00043,score
APP_00044,score
APP_00045,score
APP_00046,score
APP_00047,score
APP_00048,score
APP_00049,score
APP_00050,score
APP_00051,score
APP_00052,score
APP_00053,score
APP_00054,score
APP_00055,score
APP_00056,score
APP_00057,score
APP_00058,score
APP_00059,score
APP_00060,score
APP_00061,score
APP_00062,score
APP_00063,score
APP_00064,score
APP_00065,score
APP_00066,score
APP_00067,score
APP_00068,score
APP_00069,score
APP_00070,score
APP_00071,score
APP_00072,score
APP_00073,score
APP_00074,score
APP_00075,score
APP_00076,score
APP_00077,score
APP_00078,score
APP_00079,score
APP_00080,score
APP_00081,score
APP_00082,score
APP_00083,score
APP_00084,score
APP_00085,score
APP_00086,score
APP_00087,score
APP_00088,score
APP_00089,score
APP_00090,score
APP_00091,score
APP_00092,score
APP_00093,score
APP_00094,score
APP_00095,score
APP_00096,score
APP_00097,score
APP_00098,score
APP_00099,score
APP_00100,score
APP_00101,score
APP_00102,score
APP_00103,score
APP_00104,score
APP_00105,score
APP_00106,score
APP_00107,score
APP_00108,score
APP_00109,score
APP_00110,score
APP_00111,score
APP_00112,score
APP_00113,score
APP_00114,score
APP_00115,score
APP_00116,score
APP_00117,score
APP_00118,score
APP_00119,score
APP_00120,score
APP_00121,score
APP_00122,score
APP_00123,score
APP_00124,score
APP_00125,score
APP_00126,score
APP_00127,score
APP_00128,score
APP_00129,score
APP_00130,score
APP_00131,score
APP_00132,score
APP_00133,score
APP_00134,score
APP_00135,score
APP_00136,score
APP_00137,score
APP_00138,score
APP_00139,score
APP_00140,score
APP_00141,score
APP_00142,score
APP_00143,score
APP_00144,score
APP_00145,score
APP_00146,score
APP_00147,score
APP_00148,score
APP_00149,score
APP_00150,score
APP_00151,score
APP_00152,score
APP_00153,score
APP_00154,score
APP_00155,score
APP_00156,score
APP_00157,score
APP_00158,score
APP_00159,score
APP_00160,score
APP_00161,score
APP_00162,score
APP_00163,score
APP_00164,score
APP_00165,score
APP_00166,score
APP_00167,score
APP_00168,score
APP_00169,score
APP_00170,score
APP_00171,score
APP_00172,score
APP_00173,score
APP_00174,score
APP_00175,score
APP_00176,score
APP_00177,score
APP_00178,score
APP_00179,score
APP_00180,score
APP_00181,score
APP_00182,score
APP_00183,score
APP_00184,score
APP_00185,score
APP_00186,score
APP_00187,score
APP_00188,score
APP_00189,score
APP_00190,score
APP_00191,score
APP_00192,score
APP_00193,score
APP_00194,score
APP_00195,score
APP_00196,score
APP_00197,score
APP_00198,score
APP_00199,score
APP_00200,score
APP_00201,score
APP_00202,score
APP_00203,score
APP_00204,score
APP_00205,score
APP_00206,score
APP_00207,score
APP_00208,score
APP_00209,score
APP_00210,score
APP_00211,score
APP_00212,score
APP_00213,score
APP_00214,score
APP_00215,score
APP_00216,score
APP_00217,score
APP_00218,score
APP_00219,score
APP_00220,score
APP_00221,score
APP_00222,score
APP_00223,score
APP_00224,score
APP_00225,score
APP_00226,score
APP_00227,score
APP_00228,score
APP_00229,score
APP_00230,score
APP_00231,score
APP_00232,score
APP_00233,score
APP_00234,score
APP_00235,score
APP_00236,score
APP_00237,score
APP_00238,score
APP_00239,score
APP_00240,score
APP_00241,score
APP_00242,score
APP_00243,score
APP_00244,score
APP_00245,score
APP_00246,score
APP_00247,score
APP_00248,score
APP_00249,score
APP_00250,score
APP_00251,score
APP_00252,score
APP_00253,score
APP_00254,score
APP_00255,score
APP_00256,score
APP_00257,score
APP_00258,score
APP_00259,score
APP_00260,score
APP_00261,score
APP_00262,score
APP_00263,score
APP_00264,score
APP_00265,score
APP_00266,score
APP_00267,score
APP_00268,score
APP_00269,score
APP_00270,score
APP_00271,score
APP_00272,score
APP_00273,score
APP_00274,score
APP_00275,score
APP_00276,score
APP_00277,score
APP_00278,score
APP_00279,score
APP_00280,score
APP_00281,score
APP_00282,score
APP_00283,score
APP_00284,score
APP_00285,score
APP_00286,score
APP_00287,score
APP_00288,score
APP_00289,score
APP_00290,score
APP_00291,score
APP_00292,score
APP_00293,score
APP_00294,score
APP_00295,score
APP_00296,score
APP_00297,score
APP_00298,score
APP_00299,score
APP_00300,score
APP_00301,score
APP_00302,score
APP_00303,score
APP_00304,score
APP_00305,score
APP_00306,score
APP_00307,score
APP_00308,score
APP_00309,score
APP_00310,score
APP_00311,score
APP_00312,score
APP_00313,score
APP_00314,score
APP_00315,score
APP_00316,score
APP_00317,score
APP_00318,score
APP_00319,score
APP_00320,score
APP_00321,score
APP_00322,score
APP_00323,score
APP_00324,score
APP_00325,score
APP_00326,score
APP_00327,score
APP_00328,score
APP_00329,score
APP_00330,score
APP_00331,score
APP_00332,score
APP_00333,score
APP_00334,score
APP_00335,score
APP_00336,score
APP_00337,score
APP_00338,score
APP_00339,score
APP_00340,score
APP_00341,score
APP_00342,score
APP_00343,score
APP_00344,score
APP_00345,score
APP_00346,score
APP_00347,score
APP_00348,score
APP_00349,score
APP_00350,score
APP_00351,score
APP_00352,score
APP_00353,score
APP_00354,score
APP_00355,score
APP_00356,score
APP_00357,score
APP_00358,score
APP_00359,score
APP_00360,score
APP_00361,score
APP_00362,score
APP_00363,score
APP_00364,score
APP_00365,score
APP_00366,score
APP_00367,score
APP_00368,score
APP_00369,score
APP_00370,score
APP_00371,score
APP_00372,score
APP_00373,score
APP_00374,score
APP_00375,score
APP_00376,score
APP_00377,score
APP_00378,score
APP_00379,score
APP_00380,score
APP_00381,score
APP_00382,score
APP_00383,score
APP_00384,score
APP_00385,score
APP_00386,score
APP_00387,score
APP_00388,score
APP_00389,score
APP_00390,score
APP_00391,score
APP_00392,score
APP_00393,score
APP_00394,score
APP_00395,score
APP_00396,score
APP_00397,score
APP_00398,score
APP_00399,score
APP_00400,score
APP_00401,score
APP_00402,score
APP_00403,score
APP_00404,score
APP_00405,score
APP_00406,score
APP_00407,score
APP_00408,score
APP_00409,score
APP_00410,score
APP_00411,score
APP_00412,score
APP_00413,score
APP_00414,score
APP_00415,score
APP_00416,score
APP_00417,score
APP_00418,score
APP_00419,score
APP_00420,score
APP_00421,score
APP_00422,score
APP_00423,score
APP_00424,score
APP_00425,score
APP_00426,score
APP_00427,score
APP_00428,score
APP_00429,score
APP_00430,score
APP_00431,score
APP_00432,score
APP_00433,score
APP_00434,score
APP_00435,score
APP_00436,score
APP_00437,score
APP_00438,score
APP_00439,score
APP_00440,score
APP_00441,score
APP_00442,score
APP_00443,score
APP_00444,score
APP_00445,score
APP_00446,score
APP_00447,score
APP_00448,score
APP_00449,score
APP_00450,score
APP_00451,score
APP_00452,score
APP_00453,score
APP_00454,score
APP_00455,score
APP_00456,score
APP_00457,score
APP_00458,score
APP_00459,score
APP_00460,score
APP_00461,score
APP_00462,score
APP_00463,score
APP_00464,score
APP_00465,score
APP_00466,score
APP_00467,score
APP_00468,score
APP_00469,score
APP_00470,score
APP_00471,score
APP_00472,score
APP_00473,score
APP_00474,score
APP_00475,score
APP_00476,score
APP_00477,score
APP_00478,score
APP_00479,score
APP_00480,score
APP_00481,score
APP_00482,score
APP_00483,score
APP_00484,score
APP_00485,score
APP_00486,score
APP_00487,score
APP_00488,score
APP_00489,score
APP_00490,score
APP_00491,score
APP_00492,score
APP_00493,score
APP_00494,score
APP_00495,score
APP_00496,score
APP_00497,score
APP_00498,score
APP_00499,score
APP_00500,score
