application_id,top_feature,explanation,rule_reasons
APP_0001,credit_score_vs_dti,Score=0.000 with DTI=0.08 and CS=538,"{""max_dti_ok"": true, ""min_emp_years_ok"": true, ""min_credit_hist_ok"": false, ""salary_floor_ok"": true, ""max_delinquencies_ok"": true, ""max_current_loans_ok"": true, ""req_range_ok"": true, ""term_allowed_ok"": false, ""income_debt_ratio_ok"": true, ""credit_score_soft_ok"": false}"
APP_0002,credit_score_vs_dti,Score=0.000 with DTI=0.98 and CS=383,"{""max_dti_ok"": false, ""min_emp_years_ok"": true, ""min_credit_hist_ok"": false, ""salary_floor_ok"": true, ""max_delinquencies_ok"": true, ""max_current_loans_ok"": true, ""req_range_ok"": true, ""term_allowed_ok"": true, ""income_debt_ratio_ok"": true, ""credit_score_soft_ok"": false}"
APP_0003,credit_score_vs_dti,Score=1.000 with DTI=0.08 and CS=733,"{""max_dti_ok"": true, ""min_emp_years_ok"": true, ""min_credit_hist_ok"": false, ""salary_floor_ok"": true, ""max_delinquencies_ok"": true, ""max_current_loans_ok"": true, ""req_range_ok"": true, ""term_allowed_ok"": true, ""income_debt_ratio_ok"": true, ""credit_score_soft_ok"": true}"
APP_0004,credit_score_vs_dti,Score=1.000 with DTI=0.26 and CS=647,"{""max_dti_ok"": true, ""min_emp_years_ok"": true, ""min_credit_hist_ok"": false, ""salary_floor_ok"": false, ""max_delinquencies_ok"": true, ""max_current_loans_ok"": true, ""req_range_ok"": true, ""term_allowed_ok"": true, ""income_debt_ratio_ok"": false, ""credit_score_soft_ok"": true}"
APP_0005,credit_score_vs_dti,Score=0.000 with DTI=0.75 and CS=573,"{""max_dti_ok"": false, ""min_emp_years_ok"": true, ""min_credit_hist_ok"": false, ""salary_floor_ok"": true, ""max_delinquencies_ok"": true, ""max_current_loans_ok"": true, ""req_range_ok"": true, ""term_allowed_ok"": true, ""income_debt_ratio_ok"": true, ""credit_score_soft_ok"": true}"
APP_0006,credit_score_vs_dti,Score=0.000 with DTI=0.72 and CS=516,"{""max_dti_ok"": false, ""min_emp_years_ok"": true, ""min_credit_hist_ok"": false, ""salary_floor_ok"": true, ""max_delinquencies_ok"": true, ""max_current_loans_ok"": true, ""req_range_ok"": true, ""term_allowed_ok"": true, ""income_debt_ratio_ok"": true, ""credit_score_soft_ok"": false}"
APP_0007,credit_score_vs_dti,Score=0.000 with DTI=0.50 and CS=384,"{""max_dti_ok"": false, ""min_emp_years_ok"": true, ""min_credit_hist_ok"": false, ""salary_floor_ok"": true, ""max_delinquencies_ok"": true, ""max_current_loans_ok"": true, ""req_range_ok"": true, ""term_allowed_ok"": true, ""income_debt_ratio_ok"": true, ""credit_score_soft_ok"": false}"
APP_0008,credit_score_vs_dti,Score=1.000 with DTI=0.14 and CS=807,"{""max_dti_ok"": true, ""min_emp_years_ok"": true, ""min_credit_hist_ok"": false, ""salary_floor_ok"": true, ""max_delinquencies_ok"": true, ""max_current_loans_ok"": true, ""req_range_ok"": true, ""term_allowed_ok"": true, ""income_debt_ratio_ok"": true, ""credit_score_soft_ok"": true}"
APP_0009,credit_score_vs_dti,Score=1.000 with DTI=0.21 and CS=656,"{""max_dti_ok"": true, ""min_emp_years_ok"": true, ""min_credit_hist_ok"": false, ""salary_floor_ok"": false, ""max_delinquencies_ok"": true, ""max_current_loans_ok"": true, ""req_range_ok"": true, ""term_allowed_ok"": true, ""income_debt_ratio_ok"": false, ""credit_score_soft_ok"": true}"
APP_0010,credit_score_vs_dti,Score=0.000 with DTI=0.18 and CS=475,"{""max_dti_ok"": true, ""min_emp_years_ok"": true, ""min_credit_hist_ok"": false, ""salary_floor_ok"": true, ""max_delinquencies_ok"": true, ""max_current_loans_ok"": true, ""req_range_ok"": true, ""term_allowed_ok"": false, ""income_debt_ratio_ok"": true, ""credit_score_soft_ok"": false}"
APP_0011,credit_score_vs_dti,Score=0.000 with DTI=0.15 and CS=527,"{""max_dti_ok"": true, ""min_emp_years_ok"": true, ""min_credit_hist_ok"": false, ""salary_floor_ok"": true, ""max_delinquencies_ok"": true, ""max_current_loans_ok"": true, ""req_range_ok"": true, ""term_allowed_ok"": true, ""income_debt_ratio_ok"": true, ""credit_score_soft_ok"": false}"
APP_0012,credit_score_vs_dti,Score=1.000 with DTI=1.24 and CS=699,"{""max_dti_ok"": false, ""min_emp_years_ok"": true, ""min_credit_hist_ok"": false, ""salary_floor_ok"": true, ""max_delinquencies_ok"": true, ""max_current_loans_ok"": true, ""req_range_ok"": true, ""term_allowed_ok"": true, ""income_debt_ratio_ok"": true, ""credit_score_soft_ok"": true}"
APP_0013,credit_score_vs_dti,Score=1.000 with DTI=0.23 and CS=695,"{""max_dti_ok"": true, ""min_emp_years_ok"": false, ""min_credit_hist_ok"": false, ""salary_floor_ok"": true, ""max_delinquencies_ok"": true, ""max_current_loans_ok"": true, ""req_range_ok"": true, ""term_allowed_ok"": true, ""income_debt_ratio_ok"": true, ""credit_score_soft_ok"": true}"
APP_0014,credit_score_vs_dti,Score=0.000 with DTI=0.11 and CS=553,"{""max_dti_ok"": true, ""min_emp_years_ok"": true, ""min_credit_hist_ok"": false, ""salary_floor_ok"": true, ""max_delinquencies_ok"": true, ""max_current_loans_ok"": true, ""req_range_ok"": true, ""term_allowed_ok"": true, ""income_debt_ratio_ok"": true, ""credit_score_soft_ok"": true}"
APP_0015,credit_score_vs_dti,Score=0.000 with DTI=0.34 and CS=466,"{""max_dti_ok"": true, ""min_emp_years_ok"": true, ""min_credit_hist_ok"": false, ""salary_floor_ok"": true, ""max_delinquencies_ok"": true, ""max_current_loans_ok"": true, ""req_range_ok"": true, ""term_allowed_ok"": true, ""income_debt_ratio_ok"": true, ""credit_score_soft_ok"": false}"
APP_0016,credit_score_vs_dti,Score=1.000 with DTI=0.07 and CS=662,"{""max_dti_ok"": true, ""min_emp_years_ok"": true, ""min_credit_hist_ok"": false, ""salary_floor_ok"": true, ""max_delinquencies_ok"": true, ""max_current_loans_ok"": true, ""req_range_ok"": true, ""term_allowed_ok"": true, ""income_debt_ratio_ok"": true, ""credit_score_soft_ok"": true}"
APP_0017,credit_score_vs_dti,Score=1.000 with DTI=0.01 and CS=662,"{""max_dti_ok"": true, ""min_emp_years_ok"": true, ""min_credit_hist_ok"": false, ""salary_floor_ok"": true, ""max_delinquencies_ok"": true, ""max_current_loans_ok"": true, ""req_range_ok"": true, ""term_allowed_ok"": false, ""income_debt_ratio_ok"": true, ""credit_score_soft_ok"": true}"
APP_0018,credit_score_vs_dti,Score=0.976 with DTI=0.22 and CS=629,"{""max_dti_ok"": true, ""min_emp_years_ok"": true, ""min_credit_hist_ok"": false, ""salary_floor_ok"": true, ""max_delinquencies_ok"": true, ""max_current_loans_ok"": true, ""req_range_ok"": true, ""term_allowed_ok"": false, ""income_debt_ratio_ok"": true, ""credit_score_soft_ok"": true}"
APP_0019,credit_score_vs_dti,Score=0.000 with DTI=0.26 and CS=340,"{""max_dti_ok"": true, ""min_emp_years_ok"": true, ""min_credit_hist_ok"": false, ""salary_floor_ok"": true, ""max_delinquencies_ok"": true, ""max_current_loans_ok"": true, ""req_range_ok"": true, ""term_allowed_ok"": true, ""income_debt_ratio_ok"": true, ""credit_score_soft_ok"": false}"
APP_0020,credit_score_vs_dti,Score=0.000 with DTI=0.62 and CS=560,"{""max_dti_ok"": false, ""min_emp_years_ok"": true, ""min_credit_hist_ok"": false, ""salary_floor_ok"": true, ""max_delinquencies_ok"": true, ""max_current_loans_ok"": true, ""req_range_ok"": true, ""term_allowed_ok"": true, ""income_debt_ratio_ok"": true, ""credit_score_soft_ok"": true}"
APP_0021,credit_score_vs_dti,Score=1.000 with DTI=0.33 and CS=637,"{""max_dti_ok"": true, ""min_emp_years_ok"": true, ""min_credit_hist_ok"": false, ""salary_floor_ok"": true, ""max_delinquencies_ok"": true, ""max_current_loans_ok"": true, ""req_range_ok"": true, ""term_allowed_ok"": true, ""income_debt_ratio_ok"": true, ""credit_score_soft_ok"": true}"
APP_0022,credit_score_vs_dti,Score=1.000 with DTI=0.37 and CS=822,"{""max_dti_ok"": true, ""min_emp_years_ok"": true, ""min_credit_hist_ok"": false, ""salary_floor_ok"": true, ""max_delinquencies_ok"": true, ""max_current_loans_ok"": true, ""req_range_ok"": true, ""term_allowed_ok"": true, ""income_debt_ratio_ok"": true, ""credit_score_soft_ok"": true}"
APP_0023,credit_score_vs_dti,Score=0.000 with DTI=0.51 and CS=589,"{""max_dti_ok"": false, ""min_emp_years_ok"": true, ""min_credit_hist_ok"": false, ""salary_floor_ok"": false, ""max_delinquencies_ok"": true, ""max_current_loans_ok"": true, ""req_range_ok"": true, ""term_allowed_ok"": true, ""income_debt_ratio_ok"": false, ""credit_score_soft_ok"": true}"
APP_0024,credit_score_vs_dti,Score=0.000 with DTI=0.43 and CS=488,"{""max_dti_ok"": true, ""min_emp_years_ok"": true, ""min_credit_hist_ok"": false, ""salary_floor_ok"": true, ""max_delinquencies_ok"": true, ""max_current_loans_ok"": true, ""req_range_ok"": true, ""term_allowed_ok"": true, ""income_debt_ratio_ok"": true, ""credit_score_soft_ok"": false}"
APP_0025,credit_score_vs_dti,Score=0.000 with DTI=0.89 and CS=605,"{""max_dti_ok"": false, ""min_emp_years_ok"": true, ""min_credit_hist_ok"": false, ""salary_floor_ok"": false, ""max_delinquencies_ok"": true, ""max_current_loans_ok"": true, ""req_range_ok"": true, ""term_allowed_ok"": true, ""income_debt_ratio_ok"": true, ""credit_score_soft_ok"": true}"
APP_0026,credit_score_vs_dti,Score=0.000 with DTI=0.03 and CS=397,"{""max_dti_ok"": true, ""min_emp_years_ok"": true, ""min_credit_hist_ok"": false, ""salary_floor_ok"": true, ""max_delinquencies_ok"": true, ""max_current_loans_ok"": true, ""req_range_ok"": true, ""term_allowed_ok"": true, ""income_debt_ratio_ok"": true, ""credit_score_soft_ok"": false}"
APP_0027,credit_score_vs_dti,Score=0.000 with DTI=0.37 and CS=349,"{""max_dti_ok"": true, ""min_emp_years_ok"": true, ""min_credit_hist_ok"": false, ""salary_floor_ok"": true, ""max_delinquencies_ok"": true, ""max_current_loans_ok"": true, ""req_range_ok"": true, ""term_allowed_ok"": true, ""income_debt_ratio_ok"": true, ""credit_score_soft_ok"": false}"
APP_0028,credit_score_vs_dti,Score=1.000 with DTI=0.17 and CS=672,"{""max_dti_ok"": true, ""min_emp_years_ok"": true, ""min_credit_hist_ok"": false, ""salary_floor_ok"": true, ""max_delinquencies_ok"": true, ""max_current_loans_ok"": true, ""req_range_ok"": true, ""term_allowed_ok"": true, ""income_debt_ratio_ok"": true, ""credit_score_soft_ok"": true}"
APP_0029,credit_score_vs_dti,Score=1.000 with DTI=0.37 and CS=842,"{""max_dti_ok"": true, ""min_emp_years_ok"": true, ""min_credit_hist_ok"": false, ""salary_floor_ok"": true, ""max_delinquencies_ok"": true, ""max_current_loans_ok"": true, ""req_range_ok"": true, ""term_allowed_ok"": true, ""income_debt_ratio_ok"": true, ""credit_score_soft_ok"": true}"
APP_0030,credit_score_vs_dti,Score=1.000 with DTI=0.98 and CS=765,"{""max_dti_ok"": false, ""min_emp_years_ok"": true, ""min_credit_hist_ok"": false, ""salary_floor_ok"": true, ""max_delinquencies_ok"": true, ""max_current_loans_ok"": true, ""req_range_ok"": true, ""term_allowed_ok"": true, ""income_debt_ratio_ok"": true, ""credit_score_soft_ok"": true}"
APP_0031,credit_score_vs_dti,Score=0.960 with DTI=0.13 and CS=621,"{""max_dti_ok"": true, ""min_emp_years_ok"": true, ""min_credit_hist_ok"": false, ""salary_floor_ok"": true, ""max_delinquencies_ok"": true, ""max_current_loans_ok"": true, ""req_range_ok"": true, ""term_allowed_ok"": false, ""income_debt_ratio_ok"": true, ""credit_score_soft_ok"": true}"
APP_0032,credit_score_vs_dti,Score=0.000 with DTI=0.10 and CS=322,"{""max_dti_ok"": true, ""min_emp_years_ok"": true, ""min_credit_hist_ok"": false, ""salary_floor_ok"": true, ""max_delinquencies_ok"": true, ""max_current_loans_ok"": true, ""req_range_ok"": true, ""term_allowed_ok"": true, ""income_debt_ratio_ok"": true, ""credit_score_soft_ok"": false}"
APP_0033,credit_score_vs_dti,Score=1.000 with DTI=0.68 and CS=843,"{""max_dti_ok"": false, ""min_emp_years_ok"": true, ""min_credit_hist_ok"": false, ""salary_floor_ok"": false, ""max_delinquencies_ok"": true, ""max_current_loans_ok"": true, ""req_range_ok"": true, ""term_allowed_ok"": true, ""income_debt_ratio_ok"": true, ""credit_score_soft_ok"": true}"
APP_0034,credit_score_vs_dti,Score=0.000 with DTI=0.59 and CS=547,"{""max_dti_ok"": false, ""min_emp_years_ok"": true, ""min_credit_hist_ok"": false, ""salary_floor_ok"": true, ""max_delinquencies_ok"": true, ""max_current_loans_ok"": true, ""req_range_ok"": true, ""term_allowed_ok"": true, ""income_debt_ratio_ok"": true, ""credit_score_soft_ok"": false}"
APP_0035,credit_score_vs_dti,Score=0.000 with DTI=0.08 and CS=459,"{""max_dti_ok"": true, ""min_emp_years_ok"": true, ""min_credit_hist_ok"": false, ""salary_floor_ok"": true, ""max_delinquencies_ok"": true, ""max_current_loans_ok"": true, ""req_range_ok"": true, ""term_allowed_ok"": true, ""income_debt_ratio_ok"": true, ""credit_score_soft_ok"": false}"
APP_0036,credit_score_vs_dti,Score=1.000 with DTI=0.53 and CS=790,"{""max_dti_ok"": false, ""min_emp_years_ok"": true, ""min_credit_hist_ok"": false, ""salary_floor_ok"": true, ""max_delinquencies_ok"": true, ""max_current_loans_ok"": true, ""req_range_ok"": true, ""term_allowed_ok"": false, ""income_debt_ratio_ok"": true, ""credit_score_soft_ok"": true}"
APP_0037,credit_score_vs_dti,Score=1.000 with DTI=0.54 and CS=710,"{""max_dti_ok"": false, ""min_emp_years_ok"": true, ""min_credit_hist_ok"": false, ""salary_floor_ok"": true, ""max_delinquencies_ok"": true, ""max_current_loans_ok"": true, ""req_range_ok"": true, ""term_allowed_ok"": true, ""income_debt_ratio_ok"": true, ""credit_score_soft_ok"": true}"
APP_0038,credit_score_vs_dti,Score=1.000 with DTI=0.06 and CS=712,"{""max_dti_ok"": true, ""min_emp_years_ok"": true, ""min_credit_hist_ok"": false, ""salary_floor_ok"": true, ""max_delinquencies_ok"": true, ""max_current_loans_ok"": true, ""req_range_ok"": true, ""term_allowed_ok"": true, ""income_debt_ratio_ok"": true, ""credit_score_soft_ok"": true}"
APP_0039,credit_score_vs_dti,Score=0.000 with DTI=0.40 and CS=452,"{""max_dti_ok"": true, ""min_emp_years_ok"": true, ""min_credit_hist_ok"": false, ""salary_floor_ok"": true, ""max_delinquencies_ok"": true, ""max_current_loans_ok"": true, ""req_range_ok"": true, ""term_allowed_ok"": true, ""income_debt_ratio_ok"": true, ""credit_score_soft_ok"": false}"
APP_0040,credit_score_vs_dti,Score=1.000 with DTI=0.39 and CS=845,"{""max_dti_ok"": true, ""min_emp_years_ok"": true, ""min_credit_hist_ok"": false, ""salary_floor_ok"": true, ""max_delinquencies_ok"": true, ""max_current_loans_ok"": true, ""req_range_ok"": true, ""term_allowed_ok"": true, ""income_debt_ratio_ok"": true, ""credit_score_soft_ok"": true}"
APP_0041,credit_score_vs_dti,Score=0.000 with DTI=0.45 and CS=549,"{""max_dti_ok"": true, ""min_emp_years_ok"": true, ""min_credit_hist_ok"": false, ""salary_floor_ok"": true, ""max_delinquencies_ok"": true, ""max_current_loans_ok"": true, ""req_range_ok"": true, ""term_allowed_ok"": true, ""income_debt_ratio_ok"": true, ""credit_score_soft_ok"": false}"
APP_0042,credit_score_vs_dti,Score=0.000 with DTI=0.06 and CS=592,"{""max_dti_ok"": true, ""min_emp_years_ok"": true, ""min_credit_hist_ok"": false, ""salary_floor_ok"": true, ""max_delinquencies_ok"": true, ""max_current_loans_ok"": true, ""req_range_ok"": true, ""term_allowed_ok"": true, ""income_debt_ratio_ok"": true, ""credit_score_soft_ok"": true}"
APP_0043,credit_score_vs_dti,Score=1.000 with DTI=0.09 and CS=713,"{""max_dti_ok"": true, ""min_emp_years_ok"": true, ""min_credit_hist_ok"": false, ""salary_floor_ok"": true, ""max_delinquencies_ok"": true, ""max_current_loans_ok"": true, ""req_range_ok"": true, ""term_allowed_ok"": true, ""income_debt_ratio_ok"": true, ""credit_score_soft_ok"": true}"
APP_0044,credit_score_vs_dti,Score=1.000 with DTI=0.35 and CS=662,"{""max_dti_ok"": true, ""min_emp_years_ok"": true, ""min_credit_hist_ok"": false, ""salary_floor_ok"": true, ""max_delinquencies_ok"": true, ""max_current_loans_ok"": true, ""req_range_ok"": true, ""term_allowed_ok"": true, ""income_debt_ratio_ok"": true, ""credit_score_soft_ok"": true}"
APP_0045,credit_score_vs_dti,Score=0.000 with DTI=0.17 and CS=394,"{""max_dti_ok"": true, ""min_emp_years_ok"": true, ""min_credit_hist_ok"": false, ""salary_floor_ok"": true, ""max_delinquencies_ok"": true, ""max_current_loans_ok"": true, ""req_range_ok"": true, ""term_allowed_ok"": true, ""income_debt_ratio_ok"": true, ""credit_score_soft_ok"": false}"
APP_0046,credit_score_vs_dti,Score=0.000 with DTI=0.20 and CS=466,"{""max_dti_ok"": true, ""min_emp_years_ok"": true, ""min_credit_hist_ok"": false, ""salary_floor_ok"": true, ""max_delinquencies_ok"": true, ""max_current_loans_ok"": true, ""req_range_ok"": true, ""term_allowed_ok"": true, ""income_debt_ratio_ok"": true, ""credit_score_soft_ok"": false}"
APP_0047,credit_score_vs_dti,Score=0.000 with DTI=0.14 and CS=498,"{""max_dti_ok"": true, ""min_emp_years_ok"": true, ""min_credit_hist_ok"": false, ""salary_floor_ok"": true, ""max_delinquencies_ok"": true, ""max_current_loans_ok"": true, ""req_range_ok"": true, ""term_allowed_ok"": true, ""income_debt_ratio_ok"": true, ""credit_score_soft_ok"": false}"
APP_0048,credit_score_vs_dti,Score=1.000 with DTI=0.89 and CS=821,"{""max_dti_ok"": false, ""min_emp_years_ok"": true, ""min_credit_hist_ok"": false, ""salary_floor_ok"": false, ""max_delinquencies_ok"": true, ""max_current_loans_ok"": true, ""req_range_ok"": true, ""term_allowed_ok"": false, ""income_debt_ratio_ok"": true, ""credit_score_soft_ok"": true}"
APP_0049,credit_score_vs_dti,Score=1.000 with DTI=0.15 and CS=692,"{""max_dti_ok"": true, ""min_emp_years_ok"": true, ""min_credit_hist_ok"": false, ""salary_floor_ok"": true, ""max_delinquencies_ok"": true, ""max_current_loans_ok"": true, ""req_range_ok"": true, ""term_allowed_ok"": true, ""income_debt_ratio_ok"": true, ""credit_score_soft_ok"": true}"
APP_0050,credit_score_vs_dti,Score=0.000 with DTI=0.36 and CS=501,"{""max_dti_ok"": true, ""min_emp_years_ok"": true, ""min_credit_hist_ok"": false, ""salary_floor_ok"": true, ""max_delinquencies_ok"": true, ""max_current_loans_ok"": true, ""req_range_ok"": true, ""term_allowed_ok"": false, ""income_debt_ratio_ok"": true, ""credit_score_soft_ok"": false}"
APP_0051,credit_score_vs_dti,Score=1.000 with DTI=0.91 and CS=704,"{""max_dti_ok"": false, ""min_emp_years_ok"": true, ""min_credit_hist_ok"": false, ""salary_floor_ok"": true, ""max_delinquencies_ok"": true, ""max_current_loans_ok"": true, ""req_range_ok"": true, ""term_allowed_ok"": true, ""income_debt_ratio_ok"": true, ""credit_score_soft_ok"": true}"
APP_0052,credit_score_vs_dti,Score=1.000 with DTI=0.31 and CS=706,"{""max_dti_ok"": true, ""min_emp_years_ok"": true, ""min_credit_hist_ok"": false, ""salary_floor_ok"": true, ""max_delinquencies_ok"": true, ""max_current_loans_ok"": true, ""req_range_ok"": true, ""term_allowed_ok"": true, ""income_debt_ratio_ok"": true, ""credit_score_soft_ok"": true}"
APP_0053,credit_score_vs_dti,Score=0.000 with DTI=0.00 and CS=516,"{""max_dti_ok"": true, ""min_emp_years_ok"": true, ""min_credit_hist_ok"": false, ""salary_floor_ok"": true, ""max_delinquencies_ok"": true, ""max_current_loans_ok"": true, ""req_range_ok"": true, ""term_allowed_ok"": true, ""income_debt_ratio_ok"": true, ""credit_score_soft_ok"": false}"
APP_0054,credit_score_vs_dti,Score=0.000 with DTI=1.30 and CS=521,"{""max_dti_ok"": false, ""min_emp_years_ok"": true, ""min_credit_hist_ok"": false, ""salary_floor_ok"": true, ""max_delinquencies_ok"": true, ""max_current_loans_ok"": true, ""req_range_ok"": true, ""term_allowed_ok"": true, ""income_debt_ratio_ok"": true, ""credit_score_soft_ok"": false}"
APP_0055,credit_score_vs_dti,Score=1.000 with DTI=0.01 and CS=791,"{""max_dti_ok"": true, ""min_emp_years_ok"": true, ""min_credit_hist_ok"": false, ""salary_floor_ok"": true, ""max_delinquencies_ok"": true, ""max_current_loans_ok"": true, ""req_range_ok"": true, ""term_allowed_ok"": true, ""income_debt_ratio_ok"": true, ""credit_score_soft_ok"": true}"
APP_0056,credit_score_vs_dti,Score=0.004 with DTI=1.17 and CS=609,"{""max_dti_ok"": false, ""min_emp_years_ok"": true, ""min_credit_hist_ok"": false, ""salary_floor_ok"": true, ""max_delinquencies_ok"": true, ""max_current_loans_ok"": true, ""req_range_ok"": true, ""term_allowed_ok"": true, ""income_debt_ratio_ok"": true, ""credit_score_soft_ok"": true}"
APP_0057,credit_score_vs_dti,Score=0.000 with DTI=0.01 and CS=382,"{""max_dti_ok"": true, ""min_emp_years_ok"": false, ""min_credit_hist_ok"": false, ""salary_floor_ok"": true, ""max_delinquencies_ok"": true, ""max_current_loans_ok"": true, ""req_range_ok"": true, ""term_allowed_ok"": true, ""income_debt_ratio_ok"": true, ""credit_score_soft_ok"": false}"
APP_0058,credit_score_vs_dti,Score=1.000 with DTI=0.33 and CS=695,"{""max_dti_ok"": true, ""min_emp_years_ok"": true, ""min_credit_hist_ok"": false, ""salary_floor_ok"": true, ""max_delinquencies_ok"": true, ""max_current_loans_ok"": true, ""req_range_ok"": true, ""term_allowed_ok"": true, ""income_debt_ratio_ok"": true, ""credit_score_soft_ok"": true}"
APP_0059,credit_score_vs_dti,Score=0.974 with DTI=0.21 and CS=624,"{""max_dti_ok"": true, ""min_emp_years_ok"": true, ""min_credit_hist_ok"": false, ""salary_floor_ok"": false, ""max_delinquencies_ok"": true, ""max_current_loans_ok"": true, ""req_range_ok"": true, ""term_allowed_ok"": true, ""income_debt_ratio_ok"": false, ""credit_score_soft_ok"": true}"
APP_0060,credit_score_vs_dti,Score=0.000 with DTI=0.03 and CS=579,"{""max_dti_ok"": true, ""min_emp_years_ok"": true, ""min_credit_hist_ok"": false, ""salary_floor_ok"": true, ""max_delinquencies_ok"": true, ""max_current_loans_ok"": true, ""req_range_ok"": true, ""term_allowed_ok"": true, ""income_debt_ratio_ok"": true, ""credit_score_soft_ok"": true}"
APP_0061,credit_score_vs_dti,Score=1.000 with DTI=0.75 and CS=698,"{""max_dti_ok"": false, ""min_emp_years_ok"": true, ""min_credit_hist_ok"": false, ""salary_floor_ok"": true, ""max_delinquencies_ok"": true, ""max_current_loans_ok"": true, ""req_range_ok"": true, ""term_allowed_ok"": false, ""income_debt_ratio_ok"": true, ""credit_score_soft_ok"": true}"
APP_0062,credit_score_vs_dti,Score=1.000 with DTI=0.37 and CS=798,"{""max_dti_ok"": true, ""min_emp_years_ok"": true, ""min_credit_hist_ok"": false, ""salary_floor_ok"": true, ""max_delinquencies_ok"": true, ""max_current_loans_ok"": true, ""req_range_ok"": true, ""term_allowed_ok"": true, ""income_debt_ratio_ok"": true, ""credit_score_soft_ok"": true}"
APP_0063,credit_score_vs_dti,Score=0.000 with DTI=0.12 and CS=481,"{""max_dti_ok"": true, ""min_emp_years_ok"": true, ""min_credit_hist_ok"": false, ""salary_floor_ok"": true, ""max_delinquencies_ok"": true, ""max_current_loans_ok"": true, ""req_range_ok"": true, ""term_allowed_ok"": true, ""income_debt_ratio_ok"": true, ""credit_score_soft_ok"": false}"
APP_0064,credit_score_vs_dti,Score=0.000 with DTI=0.34 and CS=530,"{""max_dti_ok"": true, ""min_emp_years_ok"": true, ""min_credit_hist_ok"": false, ""salary_floor_ok"": true, ""max_delinquencies_ok"": true, ""max_current_loans_ok"": true, ""req_range_ok"": true, ""term_allowed_ok"": true, ""income_debt_ratio_ok"": true, ""credit_score_soft_ok"": false}"
APP_0065,credit_score_vs_dti,Score=0.000 with DTI=0.14 and CS=404,"{""max_dti_ok"": true, ""min_emp_years_ok"": true, ""min_credit_hist_ok"": false, ""salary_floor_ok"": true, ""max_delinquencies_ok"": true, ""max_current_loans_ok"": true, ""req_range_ok"": true, ""term_allowed_ok"": true, ""income_debt_ratio_ok"": true, ""credit_score_soft_ok"": false}"
APP_0066,credit_score_vs_dti,Score=1.000 with DTI=0.13 and CS=655,"{""max_dti_ok"": true, ""min_emp_years_ok"": true, ""min_credit_hist_ok"": false, ""salary_floor_ok"": true, ""max_delinquencies_ok"": true, ""max_current_loans_ok"": true, ""req_range_ok"": true, ""term_allowed_ok"": true, ""income_debt_ratio_ok"": true, ""credit_score_soft_ok"": true}"
APP_0067,credit_score_vs_dti,Score=0.000 with DTI=0.19 and CS=521,"{""max_dti_ok"": true, ""min_emp_years_ok"": true, ""min_credit_hist_ok"": false, ""salary_floor_ok"": true, ""max_delinquencies_ok"": true, ""max_current_loans_ok"": true, ""req_range_ok"": true, ""term_allowed_ok"": true, ""income_debt_ratio_ok"": true, ""credit_score_soft_ok"": false}"
APP_0068,credit_score_vs_dti,Score=0.000 with DTI=0.28 and CS=488,"{""max_dti_ok"": true, ""min_emp_years_ok"": true, ""min_credit_hist_ok"": false, ""salary_floor_ok"": true, ""max_delinquencies_ok"": true, ""max_current_loans_ok"": true, ""req_range_ok"": true, ""term_allowed_ok"": true, ""income_debt_ratio_ok"": true, ""credit_score_soft_ok"": false}"
APP_0069,credit_score_vs_dti,Score=1.000 with DTI=0.09 and CS=683,"{""max_dti_ok"": true, ""min_emp_years_ok"": true, ""min_credit_hist_ok"": false, ""salary_floor_ok"": true, ""max_delinquencies_ok"": true, ""max_current_loans_ok"": true, ""req_range_ok"": true, ""term_allowed_ok"": true, ""income_debt_ratio_ok"": true, ""credit_score_soft_ok"": true}"
APP_0070,credit_score_vs_dti,Score=0.000 with DTI=0.17 and CS=524,"{""max_dti_ok"": true, ""min_emp_years_ok"": true, ""min_credit_hist_ok"": false, ""salary_floor_ok"": true, ""max_delinquencies_ok"": true, ""max_current_loans_ok"": true, ""req_range_ok"": true, ""term_allowed_ok"": true, ""income_debt_ratio_ok"": true, ""credit_score_soft_ok"": false}"
APP_0071,credit_score_vs_dti,Score=0.000 with DTI=0.08 and CS=555,"{""max_dti_ok"": true, ""min_emp_years_ok"": true, ""min_credit_hist_ok"": false, ""salary_floor_ok"": true, ""max_delinquencies_ok"": true, ""max_current_loans_ok"": true, ""req_range_ok"": true, ""term_allowed_ok"": true, ""income_debt_ratio_ok"": true, ""credit_score_soft_ok"": true}"
APP_0072,credit_score_vs_dti,Score=0.000 with DTI=0.09 and CS=542,"{""max_dti_ok"": true, ""min_emp_years_ok"": true, ""min_credit_hist_ok"": false, ""salary_floor_ok"": false, ""max_delinquencies_ok"": true, ""max_current_loans_ok"": true, ""req_range_ok"": true, ""term_allowed_ok"": true, ""income_debt_ratio_ok"": true, ""credit_score_soft_ok"": false}"
APP_0073,credit_score_vs_dti,Score=0.000 with DTI=0.17 and CS=442,"{""max_dti_ok"": true, ""min_emp_years_ok"": true, ""min_credit_hist_ok"": false, ""salary_floor_ok"": true, ""max_delinquencies_ok"": true, ""max_current_loans_ok"": true, ""req_range_ok"": true, ""term_allowed_ok"": true, ""income_debt_ratio_ok"": true, ""credit_score_soft_ok"": false}"
APP_0074,credit_score_vs_dti,Score=0.000 with DTI=0.87 and CS=369,"{""max_dti_ok"": false, ""min_emp_years_ok"": true, ""min_credit_hist_ok"": false, ""salary_floor_ok"": true, ""max_delinquencies_ok"": true, ""max_current_loans_ok"": true, ""req_range_ok"": true, ""term_allowed_ok"": false, ""income_debt_ratio_ok"": true, ""credit_score_soft_ok"": false}"
APP_0075,credit_score_vs_dti,Score=1.000 with DTI=0.63 and CS=754,"{""max_dti_ok"": false, ""min_emp_years_ok"": true, ""min_credit_hist_ok"": false, ""salary_floor_ok"": true, ""max_delinquencies_ok"": true, ""max_current_loans_ok"": true, ""req_range_ok"": true, ""term_allowed_ok"": false, ""income_debt_ratio_ok"": true, ""credit_score_soft_ok"": true}"
APP_0076,credit_score_vs_dti,Score=0.000 with DTI=0.14 and CS=350,"{""max_dti_ok"": true, ""min_emp_years_ok"": true, ""min_credit_hist_ok"": false, ""salary_floor_ok"": true, ""max_delinquencies_ok"": true, ""max_current_loans_ok"": true, ""req_range_ok"": true, ""term_allowed_ok"": false, ""income_debt_ratio_ok"": true, ""credit_score_soft_ok"": false}"
APP_0077,credit_score_vs_dti,Score=0.000 with DTI=0.29 and CS=478,"{""max_dti_ok"": true, ""min_emp_years_ok"": true, ""min_credit_hist_ok"": false, ""salary_floor_ok"": true, ""max_delinquencies_ok"": true, ""max_current_loans_ok"": true, ""req_range_ok"": true, ""term_allowed_ok"": false, ""income_debt_ratio_ok"": true, ""credit_score_soft_ok"": false}"
APP_0078,credit_score_vs_dti,Score=1.000 with DTI=0.32 and CS=667,"{""max_dti_ok"": true, ""min_emp_years_ok"": true, ""min_credit_hist_ok"": false, ""salary_floor_ok"": true, ""max_delinquencies_ok"": true, ""max_current_loans_ok"": true, ""req_range_ok"": true, ""term_allowed_ok"": true, ""income_debt_ratio_ok"": true, ""credit_score_soft_ok"": true}"
APP_0079,credit_score_vs_dti,Score=0.000 with DTI=0.41 and CS=372,"{""max_dti_ok"": true, ""min_emp_years_ok"": true, ""min_credit_hist_ok"": false, ""salary_floor_ok"": true, ""max_delinquencies_ok"": true, ""max_current_loans_ok"": true, ""req_range_ok"": true, ""term_allowed_ok"": true, ""income_debt_ratio_ok"": true, ""credit_score_soft_ok"": false}"
APP_0080,credit_score_vs_dti,Score=1.000 with DTI=0.77 and CS=660,"{""max_dti_ok"": false, ""min_emp_years_ok"": true, ""min_credit_hist_ok"": false, ""salary_floor_ok"": true, ""max_delinquencies_ok"": true, ""max_current_loans_ok"": true, ""req_range_ok"": true, ""term_allowed_ok"": false, ""income_debt_ratio_ok"": true, ""credit_score_soft_ok"": true}"
APP_0081,credit_score_vs_dti,Score=1.000 with DTI=0.68 and CS=703,"{""max_dti_ok"": false, ""min_emp_years_ok"": true, ""min_credit_hist_ok"": false, ""salary_floor_ok"": true, ""max_delinquencies_ok"": true, ""max_current_loans_ok"": true, ""req_range_ok"": true, ""term_allowed_ok"": true, ""income_debt_ratio_ok"": true, ""credit_score_soft_ok"": true}"
APP_0082,credit_score_vs_dti,Score=1.000 with DTI=0.45 and CS=664,"{""max_dti_ok"": true, ""min_emp_years_ok"": true, ""min_credit_hist_ok"": false, ""salary_floor_ok"": true, ""max_delinquencies_ok"": true, ""max_current_loans_ok"": true, ""req_range_ok"": true, ""term_allowed_ok"": false, ""income_debt_ratio_ok"": true, ""credit_score_soft_ok"": true}"
APP_0083,credit_score_vs_dti,Score=0.000 with DTI=0.39 and CS=467,"{""max_dti_ok"": true, ""min_emp_years_ok"": true, ""min_credit_hist_ok"": false, ""salary_floor_ok"": true, ""max_delinquencies_ok"": true, ""max_current_loans_ok"": true, ""req_range_ok"": true, ""term_allowed_ok"": true, ""income_debt_ratio_ok"": true, ""credit_score_soft_ok"": false}"
APP_0084,credit_score_vs_dti,Score=0.000 with DTI=0.21 and CS=310,"{""max_dti_ok"": true, ""min_emp_years_ok"": true, ""min_credit_hist_ok"": false, ""salary_floor_ok"": true, ""max_delinquencies_ok"": true, ""max_current_loans_ok"": true, ""req_range_ok"": true, ""term_allowed_ok"": true, ""income_debt_ratio_ok"": true, ""credit_score_soft_ok"": false}"
APP_0085,credit_score_vs_dti,Score=1.000 with DTI=0.14 and CS=788,"{""max_dti_ok"": true, ""min_emp_years_ok"": true, ""min_credit_hist_ok"": false, ""salary_floor_ok"": true, ""max_delinquencies_ok"": true, ""max_current_loans_ok"": true, ""req_range_ok"": true, ""term_allowed_ok"": true, ""income_debt_ratio_ok"": true, ""credit_score_soft_ok"": true}"
APP_0086,credit_score_vs_dti,Score=0.000 with DTI=0.12 and CS=479,"{""max_dti_ok"": true, ""min_emp_years_ok"": true, ""min_credit_hist_ok"": false, ""salary_floor_ok"": true, ""max_delinquencies_ok"": true, ""max_current_loans_ok"": true, ""req_range_ok"": true, ""term_allowed_ok"": true, ""income_debt_ratio_ok"": true, ""credit_score_soft_ok"": false}"
APP_0087,credit_score_vs_dti,Score=1.000 with DTI=0.10 and CS=742,"{""max_dti_ok"": true, ""min_emp_years_ok"": true, ""min_credit_hist_ok"": false, ""salary_floor_ok"": true, ""max_delinquencies_ok"": true, ""max_current_loans_ok"": true, ""req_range_ok"": true, ""term_allowed_ok"": false, ""income_debt_ratio_ok"": true, ""credit_score_soft_ok"": true}"
APP_0088,credit_score_vs_dti,Score=0.000 with DTI=0.37 and CS=408,"{""max_dti_ok"": true, ""min_emp_years_ok"": true, ""min_credit_hist_ok"": false, ""salary_floor_ok"": true, ""max_delinquencies_ok"": true, ""max_current_loans_ok"": true, ""req_range_ok"": true, ""term_allowed_ok"": true, ""income_debt_ratio_ok"": true, ""credit_score_soft_ok"": false}"
APP_0089,credit_score_vs_dti,Score=0.000 with DTI=0.58 and CS=389,"{""max_dti_ok"": false, ""min_emp_years_ok"": true, ""min_credit_hist_ok"": false, ""salary_floor_ok"": true, ""max_delinquencies_ok"": true, ""max_current_loans_ok"": true, ""req_range_ok"": true, ""term_allowed_ok"": true, ""income_debt_ratio_ok"": true, ""credit_score_soft_ok"": false}"
APP_0090,credit_score_vs_dti,Score=1.000 with DTI=0.52 and CS=727,"{""max_dti_ok"": false, ""min_emp_years_ok"": true, ""min_credit_hist_ok"": false, ""salary_floor_ok"": true, ""max_delinquencies_ok"": true, ""max_current_loans_ok"": true, ""req_range_ok"": true, ""term_allowed_ok"": true, ""income_debt_ratio_ok"": true, ""credit_score_soft_ok"": true}"
APP_0091,credit_score_vs_dti,Score=1.000 with DTI=0.21 and CS=816,"{""max_dti_ok"": true, ""min_emp_years_ok"": true, ""min_credit_hist_ok"": false, ""salary_floor_ok"": true, ""max_delinquencies_ok"": true, ""max_current_loans_ok"": true, ""req_range_ok"": true, ""term_allowed_ok"": false, ""income_debt_ratio_ok"": true, ""credit_score_soft_ok"": true}"
APP_0092,credit_score_vs_dti,Score=1.000 with DTI=0.34 and CS=773,"{""max_dti_ok"": true, ""min_emp_years_ok"": true, ""min_credit_hist_ok"": false, ""salary_floor_ok"": true, ""max_delinquencies_ok"": true, ""max_current_loans_ok"": true, ""req_range_ok"": true, ""term_allowed_ok"": true, ""income_debt_ratio_ok"": true, ""credit_score_soft_ok"": true}"
APP_0093,credit_score_vs_dti,Score=1.000 with DTI=0.08 and CS=713,"{""max_dti_ok"": true, ""min_emp_years_ok"": false, ""min_credit_hist_ok"": false, ""salary_floor_ok"": true, ""max_delinquencies_ok"": true, ""max_current_loans_ok"": true, ""req_range_ok"": true, ""term_allowed_ok"": true, ""income_debt_ratio_ok"": true, ""credit_score_soft_ok"": true}"
APP_0094,credit_score_vs_dti,Score=0.000 with DTI=0.57 and CS=435,"{""max_dti_ok"": false, ""min_emp_years_ok"": true, ""min_credit_hist_ok"": false, ""salary_floor_ok"": true, ""max_delinquencies_ok"": true, ""max_current_loans_ok"": true, ""req_range_ok"": true, ""term_allowed_ok"": true, ""income_debt_ratio_ok"": true, ""credit_score_soft_ok"": false}"
APP_0095,credit_score_vs_dti,Score=1.000 with DTI=0.34 and CS=802,"{""max_dti_ok"": true, ""min_emp_years_ok"": true, ""min_credit_hist_ok"": false, ""salary_floor_ok"": true, ""max_delinquencies_ok"": true, ""max_current_loans_ok"": true, ""req_range_ok"": true, ""term_allowed_ok"": true, ""income_debt_ratio_ok"": true, ""credit_score_soft_ok"": true}"
APP_0096,credit_score_vs_dti,Score=1.000 with DTI=0.07 and CS=667,"{""max_dti_ok"": true, ""min_emp_years_ok"": true, ""min_credit_hist_ok"": false, ""salary_floor_ok"": true, ""max_delinquencies_ok"": true, ""max_current_loans_ok"": true, ""req_range_ok"": true, ""term_allowed_ok"": true, ""income_debt_ratio_ok"": true, ""credit_score_soft_ok"": true}"
APP_0097,credit_score_vs_dti,Score=0.000 with DTI=0.20 and CS=394,"{""max_dti_ok"": true, ""min_emp_years_ok"": true, ""min_credit_hist_ok"": false, ""salary_floor_ok"": true, ""max_delinquencies_ok"": true, ""max_current_loans_ok"": true, ""req_range_ok"": true, ""term_allowed_ok"": false, ""income_debt_ratio_ok"": true, ""credit_score_soft_ok"": false}"
APP_0098,credit_score_vs_dti,Score=0.000 with DTI=0.33 and CS=371,"{""max_dti_ok"": true, ""min_emp_years_ok"": true, ""min_credit_hist_ok"": false, ""salary_floor_ok"": true, ""max_delinquencies_ok"": true, ""max_current_loans_ok"": true, ""req_range_ok"": true, ""term_allowed_ok"": true, ""income_debt_ratio_ok"": true, ""credit_score_soft_ok"": false}"
APP_0099,credit_score_vs_dti,Score=1.000 with DTI=0.77 and CS=779,"{""max_dti_ok"": false, ""min_emp_years_ok"": true, ""min_credit_hist_ok"": false, ""salary_floor_ok"": true, ""max_delinquencies_ok"": true, ""max_current_loans_ok"": true, ""req_range_ok"": true, ""term_allowed_ok"": true, ""income_debt_ratio_ok"": true, ""credit_score_soft_ok"": true}"
APP_0100,credit_score_vs_dti,Score=0.000 with DTI=0.06 and CS=451,"{""max_dti_ok"": true, ""min_emp_years_ok"": true, ""min_credit_hist_ok"": false, ""salary_floor_ok"": true, ""max_delinquencies_ok"": true, ""max_current_loans_ok"": true, ""req_range_ok"": true, ""term_allowed_ok"": true, ""income_debt_ratio_ok"": true, ""credit_score_soft_ok"": false}"
APP_0101,credit_score_vs_dti,Score=1.000 with DTI=0.18 and CS=721,"{""max_dti_ok"": true, ""min_emp_years_ok"": false, ""min_credit_hist_ok"": false, ""salary_floor_ok"": true, ""max_delinquencies_ok"": true, ""max_current_loans_ok"": true, ""req_range_ok"": true, ""term_allowed_ok"": true, ""income_debt_ratio_ok"": true, ""credit_score_soft_ok"": true}"
APP_0102,credit_score_vs_dti,Score=0.000 with DTI=0.14 and CS=376,"{""max_dti_ok"": true, ""min_emp_years_ok"": true, ""min_credit_hist_ok"": false, ""salary_floor_ok"": true, ""max_delinquencies_ok"": true, ""max_current_loans_ok"": true, ""req_range_ok"": true, ""term_allowed_ok"": false, ""income_debt_ratio_ok"": true, ""credit_score_soft_ok"": false}"
APP_0103,credit_score_vs_dti,Score=0.000 with DTI=0.26 and CS=454,"{""max_dti_ok"": true, ""min_emp_years_ok"": true, ""min_credit_hist_ok"": false, ""salary_floor_ok"": true, ""max_delinquencies_ok"": true, ""max_current_loans_ok"": true, ""req_range_ok"": true, ""term_allowed_ok"": false, ""income_debt_ratio_ok"": true, ""credit_score_soft_ok"": false}"
APP_0104,credit_score_vs_dti,Score=0.000 with DTI=0.49 and CS=455,"{""max_dti_ok"": false, ""min_emp_years_ok"": true, ""min_credit_hist_ok"": false, ""salary_floor_ok"": true, ""max_delinquencies_ok"": true, ""max_current_loans_ok"": true, ""req_range_ok"": true, ""term_allowed_ok"": true, ""income_debt_ratio_ok"": true, ""credit_score_soft_ok"": false}"
APP_0105,credit_score_vs_dti,Score=0.000 with DTI=0.09 and CS=454,"{""max_dti_ok"": true, ""min_emp_years_ok"": true, ""min_credit_hist_ok"": false, ""salary_floor_ok"": true, ""max_delinquencies_ok"": true, ""max_current_loans_ok"": true, ""req_range_ok"": true, ""term_allowed_ok"": true, ""income_debt_ratio_ok"": true, ""credit_score_soft_ok"": false}"
APP_0106,credit_score_vs_dti,Score=1.000 with DTI=0.03 and CS=671,"{""max_dti_ok"": true, ""min_emp_years_ok"": true, ""min_credit_hist_ok"": false, ""salary_floor_ok"": true, ""max_delinquencies_ok"": true, ""max_current_loans_ok"": true, ""req_range_ok"": true, ""term_allowed_ok"": true, ""income_debt_ratio_ok"": true, ""credit_score_soft_ok"": true}"
APP_0107,credit_score_vs_dti,Score=1.000 with DTI=0.20 and CS=802,"{""max_dti_ok"": true, ""min_emp_years_ok"": true, ""min_credit_hist_ok"": false, ""salary_floor_ok"": true, ""max_delinquencies_ok"": true, ""max_current_loans_ok"": true, ""req_range_ok"": true, ""term_allowed_ok"": true, ""income_debt_ratio_ok"": true, ""credit_score_soft_ok"": true}"
APP_0108,credit_score_vs_dti,Score=1.000 with DTI=0.02 and CS=800,"{""max_dti_ok"": true, ""min_emp_years_ok"": true, ""min_credit_hist_ok"": false, ""salary_floor_ok"": true, ""max_delinquencies_ok"": true, ""max_current_loans_ok"": true, ""req_range_ok"": true, ""term_allowed_ok"": true, ""income_debt_ratio_ok"": true, ""credit_score_soft_ok"": true}"
APP_0109,credit_score_vs_dti,Score=1.000 with DTI=0.08 and CS=707,"{""max_dti_ok"": true, ""min_emp_years_ok"": true, ""min_credit_hist_ok"": false, ""salary_floor_ok"": true, ""max_delinquencies_ok"": true, ""max_current_loans_ok"": true, ""req_range_ok"": true, ""term_allowed_ok"": true, ""income_debt_ratio_ok"": true, ""credit_score_soft_ok"": true}"
APP_0110,credit_score_vs_dti,Score=0.000 with DTI=0.00 and CS=411,"{""max_dti_ok"": true, ""min_emp_years_ok"": true, ""min_credit_hist_ok"": false, ""salary_floor_ok"": true, ""max_delinquencies_ok"": true, ""max_current_loans_ok"": true, ""req_range_ok"": true, ""term_allowed_ok"": true, ""income_debt_ratio_ok"": true, ""credit_score_soft_ok"": false}"
APP_0111,credit_score_vs_dti,Score=1.000 with DTI=0.03 and CS=828,"{""max_dti_ok"": true, ""min_emp_years_ok"": true, ""min_credit_hist_ok"": false, ""salary_floor_ok"": true, ""max_delinquencies_ok"": true, ""max_current_loans_ok"": true, ""req_range_ok"": true, ""term_allowed_ok"": false, ""income_debt_ratio_ok"": true, ""credit_score_soft_ok"": true}"
APP_0112,credit_score_vs_dti,Score=0.000 with DTI=0.65 and CS=598,"{""max_dti_ok"": false, ""min_emp_years_ok"": true, ""min_credit_hist_ok"": false, ""salary_floor_ok"": false, ""max_delinquencies_ok"": true, ""max_current_loans_ok"": true, ""req_range_ok"": true, ""term_allowed_ok"": true, ""income_debt_ratio_ok"": true, ""credit_score_soft_ok"": true}"
APP_0113,credit_score_vs_dti,Score=0.000 with DTI=0.50 and CS=600,"{""max_dti_ok"": false, ""min_emp_years_ok"": true, ""min_credit_hist_ok"": false, ""salary_floor_ok"": true, ""max_delinquencies_ok"": true, ""max_current_loans_ok"": true, ""req_range_ok"": true, ""term_allowed_ok"": true, ""income_debt_ratio_ok"": true, ""credit_score_soft_ok"": true}"
APP_0114,credit_score_vs_dti,Score=1.000 with DTI=0.39 and CS=685,"{""max_dti_ok"": true, ""min_emp_years_ok"": true, ""min_credit_hist_ok"": false, ""salary_floor_ok"": true, ""max_delinquencies_ok"": true, ""max_current_loans_ok"": true, ""req_range_ok"": true, ""term_allowed_ok"": true, ""income_debt_ratio_ok"": true, ""credit_score_soft_ok"": true}"
APP_0115,credit_score_vs_dti,Score=1.000 with DTI=0.07 and CS=723,"{""max_dti_ok"": true, ""min_emp_years_ok"": true, ""min_credit_hist_ok"": false, ""salary_floor_ok"": true, ""max_delinquencies_ok"": true, ""max_current_loans_ok"": true, ""req_range_ok"": true, ""term_allowed_ok"": true, ""income_debt_ratio_ok"": true, ""credit_score_soft_ok"": true}"
APP_0116,credit_score_vs_dti,Score=1.000 with DTI=0.04 and CS=824,"{""max_dti_ok"": true, ""min_emp_years_ok"": true, ""min_credit_hist_ok"": false, ""salary_floor_ok"": true, ""max_delinquencies_ok"": true, ""max_current_loans_ok"": true, ""req_range_ok"": true, ""term_allowed_ok"": true, ""income_debt_ratio_ok"": true, ""credit_score_soft_ok"": true}"
APP_0117,credit_score_vs_dti,Score=0.040 with DTI=0.34 and CS=620,"{""max_dti_ok"": true, ""min_emp_years_ok"": true, ""min_credit_hist_ok"": false, ""salary_floor_ok"": true, ""max_delinquencies_ok"": true, ""max_current_loans_ok"": true, ""req_range_ok"": true, ""term_allowed_ok"": true, ""income_debt_ratio_ok"": true, ""credit_score_soft_ok"": true}"
APP_0118,credit_score_vs_dti,Score=0.996 with DTI=0.25 and CS=635,"{""max_dti_ok"": true, ""min_emp_years_ok"": true, ""min_credit_hist_ok"": false, ""salary_floor_ok"": true, ""max_delinquencies_ok"": true, ""max_current_loans_ok"": true, ""req_range_ok"": true, ""term_allowed_ok"": true, ""income_debt_ratio_ok"": true, ""credit_score_soft_ok"": true}"
APP_0119,credit_score_vs_dti,Score=1.000 with DTI=0.58 and CS=710,"{""max_dti_ok"": false, ""min_emp_years_ok"": true, ""min_credit_hist_ok"": false, ""salary_floor_ok"": true, ""max_delinquencies_ok"": true, ""max_current_loans_ok"": true, ""req_range_ok"": true, ""term_allowed_ok"": false, ""income_debt_ratio_ok"": true, ""credit_score_soft_ok"": true}"
APP_0120,credit_score_vs_dti,Score=0.000 with DTI=0.65 and CS=440,"{""max_dti_ok"": false, ""min_emp_years_ok"": true, ""min_credit_hist_ok"": false, ""salary_floor_ok"": true, ""max_delinquencies_ok"": true, ""max_current_loans_ok"": true, ""req_range_ok"": true, ""term_allowed_ok"": false, ""income_debt_ratio_ok"": true, ""credit_score_soft_ok"": false}"
APP_0121,credit_score_vs_dti,Score=0.000 with DTI=0.12 and CS=469,"{""max_dti_ok"": true, ""min_emp_years_ok"": true, ""min_credit_hist_ok"": false, ""salary_floor_ok"": true, ""max_delinquencies_ok"": true, ""max_current_loans_ok"": true, ""req_range_ok"": true, ""term_allowed_ok"": false, ""income_debt_ratio_ok"": true, ""credit_score_soft_ok"": false}"
APP_0122,credit_score_vs_dti,Score=0.999 with DTI=0.20 and CS=644,"{""max_dti_ok"": true, ""min_emp_years_ok"": true, ""min_credit_hist_ok"": false, ""salary_floor_ok"": true, ""max_delinquencies_ok"": true, ""max_current_loans_ok"": true, ""req_range_ok"": true, ""term_allowed_ok"": true, ""income_debt_ratio_ok"": true, ""credit_score_soft_ok"": true}"
APP_0123,credit_score_vs_dti,Score=0.000 with DTI=0.01 and CS=335,"{""max_dti_ok"": true, ""min_emp_years_ok"": true, ""min_credit_hist_ok"": false, ""salary_floor_ok"": true, ""max_delinquencies_ok"": true, ""max_current_loans_ok"": true, ""req_range_ok"": true, ""term_allowed_ok"": true, ""income_debt_ratio_ok"": true, ""credit_score_soft_ok"": false}"
APP_0124,credit_score_vs_dti,Score=0.000 with DTI=0.05 and CS=476,"{""max_dti_ok"": true, ""min_emp_years_ok"": true, ""min_credit_hist_ok"": false, ""salary_floor_ok"": true, ""max_delinquencies_ok"": true, ""max_current_loans_ok"": true, ""req_range_ok"": true, ""term_allowed_ok"": true, ""income_debt_ratio_ok"": true, ""credit_score_soft_ok"": false}"
APP_0125,credit_score_vs_dti,Score=1.000 with DTI=0.03 and CS=694,"{""max_dti_ok"": true, ""min_emp_years_ok"": true, ""min_credit_hist_ok"": false, ""salary_floor_ok"": true, ""max_delinquencies_ok"": true, ""max_current_loans_ok"": true, ""req_range_ok"": true, ""term_allowed_ok"": true, ""income_debt_ratio_ok"": true, ""credit_score_soft_ok"": true}"
APP_0126,credit_score_vs_dti,Score=1.000 with DTI=0.94 and CS=836,"{""max_dti_ok"": false, ""min_emp_years_ok"": true, ""min_credit_hist_ok"": false, ""salary_floor_ok"": true, ""max_delinquencies_ok"": true, ""max_current_loans_ok"": true, ""req_range_ok"": true, ""term_allowed_ok"": true, ""income_debt_ratio_ok"": true, ""credit_score_soft_ok"": true}"
APP_0127,credit_score_vs_dti,Score=0.000 with DTI=0.30 and CS=585,"{""max_dti_ok"": true, ""min_emp_years_ok"": true, ""min_credit_hist_ok"": false, ""salary_floor_ok"": true, ""max_delinquencies_ok"": true, ""max_current_loans_ok"": true, ""req_range_ok"": true, ""term_allowed_ok"": true, ""income_debt_ratio_ok"": true, ""credit_score_soft_ok"": true}"
APP_0128,credit_score_vs_dti,Score=0.000 with DTI=0.68 and CS=519,"{""max_dti_ok"": false, ""min_emp_years_ok"": true, ""min_credit_hist_ok"": false, ""salary_floor_ok"": true, ""max_delinquencies_ok"": true, ""max_current_loans_ok"": true, ""req_range_ok"": true, ""term_allowed_ok"": true, ""income_debt_ratio_ok"": true, ""credit_score_soft_ok"": false}"
APP_0129,credit_score_vs_dti,Score=0.000 with DTI=0.28 and CS=542,"{""max_dti_ok"": true, ""min_emp_years_ok"": true, ""min_credit_hist_ok"": false, ""salary_floor_ok"": true, ""max_delinquencies_ok"": true, ""max_current_loans_ok"": true, ""req_range_ok"": true, ""term_allowed_ok"": true, ""income_debt_ratio_ok"": true, ""credit_score_soft_ok"": false}"
APP_0130,credit_score_vs_dti,Score=1.000 with DTI=0.61 and CS=676,"{""max_dti_ok"": false, ""min_emp_years_ok"": true, ""min_credit_hist_ok"": false, ""salary_floor_ok"": true, ""max_delinquencies_ok"": true, ""max_current_loans_ok"": true, ""req_range_ok"": true, ""term_allowed_ok"": true, ""income_debt_ratio_ok"": true, ""credit_score_soft_ok"": true}"
APP_0131,credit_score_vs_dti,Score=0.000 with DTI=0.28 and CS=599,"{""max_dti_ok"": true, ""min_emp_years_ok"": true, ""min_credit_hist_ok"": false, ""salary_floor_ok"": true, ""max_delinquencies_ok"": true, ""max_current_loans_ok"": true, ""req_range_ok"": true, ""term_allowed_ok"": true, ""income_debt_ratio_ok"": true, ""credit_score_soft_ok"": true}"
APP_0132,credit_score_vs_dti,Score=0.000 with DTI=1.04 and CS=312,"{""max_dti_ok"": false, ""min_emp_years_ok"": true, ""min_credit_hist_ok"": false, ""salary_floor_ok"": true, ""max_delinquencies_ok"": true, ""max_current_loans_ok"": true, ""req_range_ok"": true, ""term_allowed_ok"": true, ""income_debt_ratio_ok"": true, ""credit_score_soft_ok"": false}"
APP_0133,credit_score_vs_dti,Score=0.000 with DTI=0.02 and CS=596,"{""max_dti_ok"": true, ""min_emp_years_ok"": true, ""min_credit_hist_ok"": false, ""salary_floor_ok"": true, ""max_delinquencies_ok"": true, ""max_current_loans_ok"": true, ""req_range_ok"": true, ""term_allowed_ok"": true, ""income_debt_ratio_ok"": true, ""credit_score_soft_ok"": true}"
APP_0134,credit_score_vs_dti,Score=0.000 with DTI=0.17 and CS=520,"{""max_dti_ok"": true, ""min_emp_years_ok"": true, ""min_credit_hist_ok"": false, ""salary_floor_ok"": false, ""max_delinquencies_ok"": true, ""max_current_loans_ok"": true, ""req_range_ok"": true, ""term_allowed_ok"": true, ""income_debt_ratio_ok"": true, ""credit_score_soft_ok"": false}"
APP_0135,credit_score_vs_dti,Score=1.000 with DTI=0.19 and CS=685,"{""max_dti_ok"": true, ""min_emp_years_ok"": true, ""min_credit_hist_ok"": false, ""salary_floor_ok"": true, ""max_delinquencies_ok"": true, ""max_current_loans_ok"": true, ""req_range_ok"": true, ""term_allowed_ok"": false, ""income_debt_ratio_ok"": true, ""credit_score_soft_ok"": true}"
APP_0136,credit_score_vs_dti,Score=1.000 with DTI=0.62 and CS=781,"{""max_dti_ok"": false, ""min_emp_years_ok"": true, ""min_credit_hist_ok"": false, ""salary_floor_ok"": false, ""max_delinquencies_ok"": true, ""max_current_loans_ok"": true, ""req_range_ok"": true, ""term_allowed_ok"": true, ""income_debt_ratio_ok"": true, ""credit_score_soft_ok"": true}"
APP_0137,credit_score_vs_dti,Score=1.000 with DTI=0.55 and CS=829,"{""max_dti_ok"": false, ""min_emp_years_ok"": true, ""min_credit_hist_ok"": false, ""salary_floor_ok"": true, ""max_delinquencies_ok"": true, ""max_current_loans_ok"": true, ""req_range_ok"": true, ""term_allowed_ok"": false, ""income_debt_ratio_ok"": true, ""credit_score_soft_ok"": true}"
APP_0138,credit_score_vs_dti,Score=0.999 with DTI=0.79 and CS=635,"{""max_dti_ok"": false, ""min_emp_years_ok"": true, ""min_credit_hist_ok"": false, ""salary_floor_ok"": true, ""max_delinquencies_ok"": true, ""max_current_loans_ok"": true, ""req_range_ok"": true, ""term_allowed_ok"": false, ""income_debt_ratio_ok"": true, ""credit_score_soft_ok"": true}"
APP_0139,credit_score_vs_dti,Score=0.000 with DTI=0.23 and CS=499,"{""max_dti_ok"": true, ""min_emp_years_ok"": true, ""min_credit_hist_ok"": false, ""salary_floor_ok"": true, ""max_delinquencies_ok"": true, ""max_current_loans_ok"": true, ""req_range_ok"": true, ""term_allowed_ok"": true, ""income_debt_ratio_ok"": true, ""credit_score_soft_ok"": false}"
APP_0140,credit_score_vs_dti,Score=0.000 with DTI=0.41 and CS=544,"{""max_dti_ok"": true, ""min_emp_years_ok"": true, ""min_credit_hist_ok"": false, ""salary_floor_ok"": false, ""max_delinquencies_ok"": true, ""max_current_loans_ok"": true, ""req_range_ok"": true, ""term_allowed_ok"": true, ""income_debt_ratio_ok"": true, ""credit_score_soft_ok"": false}"
APP_0141,credit_score_vs_dti,Score=0.000 with DTI=0.21 and CS=397,"{""max_dti_ok"": true, ""min_emp_years_ok"": true, ""min_credit_hist_ok"": false, ""salary_floor_ok"": true, ""max_delinquencies_ok"": true, ""max_current_loans_ok"": true, ""req_range_ok"": true, ""term_allowed_ok"": true, ""income_debt_ratio_ok"": true, ""credit_score_soft_ok"": false}"
APP_0142,credit_score_vs_dti,Score=1.000 with DTI=0.38 and CS=814,"{""max_dti_ok"": true, ""min_emp_years_ok"": true, ""min_credit_hist_ok"": false, ""salary_floor_ok"": true, ""max_delinquencies_ok"": true, ""max_current_loans_ok"": true, ""req_range_ok"": true, ""term_allowed_ok"": true, ""income_debt_ratio_ok"": true, ""credit_score_soft_ok"": true}"
APP_0143,credit_score_vs_dti,Score=1.000 with DTI=0.11 and CS=766,"{""max_dti_ok"": true, ""min_emp_years_ok"": true, ""min_credit_hist_ok"": false, ""salary_floor_ok"": true, ""max_delinquencies_ok"": true, ""max_current_loans_ok"": true, ""req_range_ok"": true, ""term_allowed_ok"": true, ""income_debt_ratio_ok"": true, ""credit_score_soft_ok"": true}"
APP_0144,credit_score_vs_dti,Score=1.000 with DTI=0.23 and CS=769,"{""max_dti_ok"": true, ""min_emp_years_ok"": true, ""min_credit_hist_ok"": false, ""salary_floor_ok"": true, ""max_delinquencies_ok"": true, ""max_current_loans_ok"": true, ""req_range_ok"": true, ""term_allowed_ok"": false, ""income_debt_ratio_ok"": true, ""credit_score_soft_ok"": true}"
APP_0145,credit_score_vs_dti,Score=0.000 with DTI=0.21 and CS=480,"{""max_dti_ok"": true, ""min_emp_years_ok"": true, ""min_credit_hist_ok"": false, ""salary_floor_ok"": true, ""max_delinquencies_ok"": true, ""max_current_loans_ok"": true, ""req_range_ok"": true, ""term_allowed_ok"": true, ""income_debt_ratio_ok"": true, ""credit_score_soft_ok"": false}"
APP_0146,credit_score_vs_dti,Score=0.000 with DTI=0.51 and CS=477,"{""max_dti_ok"": false, ""min_emp_years_ok"": true, ""min_credit_hist_ok"": false, ""salary_floor_ok"": true, ""max_delinquencies_ok"": true, ""max_current_loans_ok"": true, ""req_range_ok"": true, ""term_allowed_ok"": true, ""income_debt_ratio_ok"": true, ""credit_score_soft_ok"": false}"
APP_0147,credit_score_vs_dti,Score=1.000 with DTI=0.28 and CS=771,"{""max_dti_ok"": true, ""min_emp_years_ok"": true, ""min_credit_hist_ok"": false, ""salary_floor_ok"": true, ""max_delinquencies_ok"": true, ""max_current_loans_ok"": true, ""req_range_ok"": true, ""term_allowed_ok"": true, ""income_debt_ratio_ok"": true, ""credit_score_soft_ok"": true}"
APP_0148,credit_score_vs_dti,Score=0.000 with DTI=0.36 and CS=599,"{""max_dti_ok"": true, ""min_emp_years_ok"": true, ""min_credit_hist_ok"": false, ""salary_floor_ok"": true, ""max_delinquencies_ok"": true, ""max_current_loans_ok"": true, ""req_range_ok"": true, ""term_allowed_ok"": false, ""income_debt_ratio_ok"": true, ""credit_score_soft_ok"": true}"
APP_0149,credit_score_vs_dti,Score=1.000 with DTI=0.10 and CS=687,"{""max_dti_ok"": true, ""min_emp_years_ok"": true, ""min_credit_hist_ok"": false, ""salary_floor_ok"": true, ""max_delinquencies_ok"": true, ""max_current_loans_ok"": true, ""req_range_ok"": true, ""term_allowed_ok"": true, ""income_debt_ratio_ok"": true, ""credit_score_soft_ok"": true}"
APP_0150,credit_score_vs_dti,Score=0.000 with DTI=0.21 and CS=569,"{""max_dti_ok"": true, ""min_emp_years_ok"": true, ""min_credit_hist_ok"": false, ""salary_floor_ok"": true, ""max_delinquencies_ok"": true, ""max_current_loans_ok"": true, ""req_range_ok"": true, ""term_allowed_ok"": true, ""income_debt_ratio_ok"": true, ""credit_score_soft_ok"": true}"
APP_0151,credit_score_vs_dti,Score=0.000 with DTI=0.18 and CS=543,"{""max_dti_ok"": true, ""min_emp_years_ok"": true, ""min_credit_hist_ok"": false, ""salary_floor_ok"": true, ""max_delinquencies_ok"": true, ""max_current_loans_ok"": true, ""req_range_ok"": true, ""term_allowed_ok"": true, ""income_debt_ratio_ok"": true, ""credit_score_soft_ok"": false}"
APP_0152,credit_score_vs_dti,Score=1.000 with DTI=0.08 and CS=647,"{""max_dti_ok"": true, ""min_emp_years_ok"": true, ""min_credit_hist_ok"": false, ""salary_floor_ok"": true, ""max_delinquencies_ok"": true, ""max_current_loans_ok"": true, ""req_range_ok"": true, ""term_allowed_ok"": false, ""income_debt_ratio_ok"": true, ""credit_score_soft_ok"": true}"
APP_0153,credit_score_vs_dti,Score=1.000 with DTI=0.25 and CS=747,"{""max_dti_ok"": true, ""min_emp_years_ok"": true, ""min_credit_hist_ok"": false, ""salary_floor_ok"": true, ""max_delinquencies_ok"": true, ""max_current_loans_ok"": true, ""req_range_ok"": true, ""term_allowed_ok"": true, ""income_debt_ratio_ok"": true, ""credit_score_soft_ok"": true}"
APP_0154,credit_score_vs_dti,Score=0.000 with DTI=0.08 and CS=483,"{""max_dti_ok"": true, ""min_emp_years_ok"": true, ""min_credit_hist_ok"": false, ""salary_floor_ok"": true, ""max_delinquencies_ok"": true, ""max_current_loans_ok"": true, ""req_range_ok"": true, ""term_allowed_ok"": true, ""income_debt_ratio_ok"": true, ""credit_score_soft_ok"": false}"
APP_0155,credit_score_vs_dti,Score=1.000 with DTI=0.35 and CS=745,"{""max_dti_ok"": true, ""min_emp_years_ok"": true, ""min_credit_hist_ok"": false, ""salary_floor_ok"": true, ""max_delinquencies_ok"": true, ""max_current_loans_ok"": true, ""req_range_ok"": true, ""term_allowed_ok"": true, ""income_debt_ratio_ok"": true, ""credit_score_soft_ok"": true}"
APP_0156,credit_score_vs_dti,Score=0.000 with DTI=1.23 and CS=434,"{""max_dti_ok"": false, ""min_emp_years_ok"": true, ""min_credit_hist_ok"": false, ""salary_floor_ok"": false, ""max_delinquencies_ok"": true, ""max_current_loans_ok"": true, ""req_range_ok"": true, ""term_allowed_ok"": true, ""income_debt_ratio_ok"": true, ""credit_score_soft_ok"": false}"
APP_0157,credit_score_vs_dti,Score=0.000 with DTI=0.56 and CS=521,"{""max_dti_ok"": false, ""min_emp_years_ok"": true, ""min_credit_hist_ok"": false, ""salary_floor_ok"": true, ""max_delinquencies_ok"": true, ""max_current_loans_ok"": true, ""req_range_ok"": true, ""term_allowed_ok"": false, ""income_debt_ratio_ok"": true, ""credit_score_soft_ok"": false}"
APP_0158,credit_score_vs_dti,Score=1.000 with DTI=0.12 and CS=801,"{""max_dti_ok"": true, ""min_emp_years_ok"": true, ""min_credit_hist_ok"": false, ""salary_floor_ok"": true, ""max_delinquencies_ok"": true, ""max_current_loans_ok"": true, ""req_range_ok"": true, ""term_allowed_ok"": true, ""income_debt_ratio_ok"": true, ""credit_score_soft_ok"": true}"
APP_0159,credit_score_vs_dti,Score=1.000 with DTI=0.28 and CS=824,"{""max_dti_ok"": true, ""min_emp_years_ok"": true, ""min_credit_hist_ok"": false, ""salary_floor_ok"": true, ""max_delinquencies_ok"": true, ""max_current_loans_ok"": true, ""req_range_ok"": true, ""term_allowed_ok"": true, ""income_debt_ratio_ok"": true, ""credit_score_soft_ok"": true}"
APP_0160,credit_score_vs_dti,Score=1.000 with DTI=0.08 and CS=808,"{""max_dti_ok"": true, ""min_emp_years_ok"": true, ""min_credit_hist_ok"": false, ""salary_floor_ok"": true, ""max_delinquencies_ok"": true, ""max_current_loans_ok"": true, ""req_range_ok"": true, ""term_allowed_ok"": true, ""income_debt_ratio_ok"": true, ""credit_score_soft_ok"": true}"
APP_0161,credit_score_vs_dti,Score=0.000 with DTI=0.32 and CS=473,"{""max_dti_ok"": true, ""min_emp_years_ok"": true, ""min_credit_hist_ok"": false, ""salary_floor_ok"": true, ""max_delinquencies_ok"": true, ""max_current_loans_ok"": true, ""req_range_ok"": true, ""term_allowed_ok"": true, ""income_debt_ratio_ok"": true, ""credit_score_soft_ok"": false}"
APP_0162,credit_score_vs_dti,Score=1.000 with DTI=0.16 and CS=763,"{""max_dti_ok"": true, ""min_emp_years_ok"": true, ""min_credit_hist_ok"": false, ""salary_floor_ok"": true, ""max_delinquencies_ok"": true, ""max_current_loans_ok"": true, ""req_range_ok"": true, ""term_allowed_ok"": true, ""income_debt_ratio_ok"": true, ""credit_score_soft_ok"": true}"
APP_0163,credit_score_vs_dti,Score=1.000 with DTI=0.08 and CS=814,"{""max_dti_ok"": true, ""min_emp_years_ok"": true, ""min_credit_hist_ok"": false, ""salary_floor_ok"": true, ""max_delinquencies_ok"": true, ""max_current_loans_ok"": true, ""req_range_ok"": true, ""term_allowed_ok"": false, ""income_debt_ratio_ok"": true, ""credit_score_soft_ok"": true}"
APP_0164,credit_score_vs_dti,Score=1.000 with DTI=0.09 and CS=838,"{""max_dti_ok"": true, ""min_emp_years_ok"": true, ""min_credit_hist_ok"": false, ""salary_floor_ok"": true, ""max_delinquencies_ok"": true, ""max_current_loans_ok"": true, ""req_range_ok"": true, ""term_allowed_ok"": false, ""income_debt_ratio_ok"": true, ""credit_score_soft_ok"": true}"
APP_0165,credit_score_vs_dti,Score=0.000 with DTI=0.02 and CS=311,"{""max_dti_ok"": true, ""min_emp_years_ok"": true, ""min_credit_hist_ok"": false, ""salary_floor_ok"": true, ""max_delinquencies_ok"": true, ""max_current_loans_ok"": true, ""req_range_ok"": true, ""term_allowed_ok"": true, ""income_debt_ratio_ok"": true, ""credit_score_soft_ok"": false}"
APP_0166,credit_score_vs_dti,Score=1.000 with DTI=0.53 and CS=709,"{""max_dti_ok"": false, ""min_emp_years_ok"": true, ""min_credit_hist_ok"": false, ""salary_floor_ok"": true, ""max_delinquencies_ok"": true, ""max_current_loans_ok"": true, ""req_range_ok"": true, ""term_allowed_ok"": true, ""income_debt_ratio_ok"": true, ""credit_score_soft_ok"": true}"
APP_0167,credit_score_vs_dti,Score=1.000 with DTI=0.05 and CS=848,"{""max_dti_ok"": true, ""min_emp_years_ok"": false, ""min_credit_hist_ok"": false, ""salary_floor_ok"": true, ""max_delinquencies_ok"": true, ""max_current_loans_ok"": true, ""req_range_ok"": true, ""term_allowed_ok"": true, ""income_debt_ratio_ok"": true, ""credit_score_soft_ok"": true}"
APP_0168,credit_score_vs_dti,Score=1.000 with DTI=0.64 and CS=720,"{""max_dti_ok"": false, ""min_emp_years_ok"": true, ""min_credit_hist_ok"": false, ""salary_floor_ok"": false, ""max_delinquencies_ok"": true, ""max_current_loans_ok"": true, ""req_range_ok"": true, ""term_allowed_ok"": true, ""income_debt_ratio_ok"": true, ""credit_score_soft_ok"": true}"
APP_0169,credit_score_vs_dti,Score=0.000 with DTI=1.35 and CS=428,"{""max_dti_ok"": false, ""min_emp_years_ok"": true, ""min_credit_hist_ok"": false, ""salary_floor_ok"": false, ""max_delinquencies_ok"": true, ""max_current_loans_ok"": true, ""req_range_ok"": true, ""term_allowed_ok"": true, ""income_debt_ratio_ok"": true, ""credit_score_soft_ok"": false}"
APP_0170,credit_score_vs_dti,Score=1.000 with DTI=0.69 and CS=719,"{""max_dti_ok"": false, ""min_emp_years_ok"": true, ""min_credit_hist_ok"": false, ""salary_floor_ok"": true, ""max_delinquencies_ok"": true, ""max_current_loans_ok"": true, ""req_range_ok"": true, ""term_allowed_ok"": true, ""income_debt_ratio_ok"": true, ""credit_score_soft_ok"": true}"
APP_0171,credit_score_vs_dti,Score=0.000 with DTI=0.30 and CS=357,"{""max_dti_ok"": true, ""min_emp_years_ok"": true, ""min_credit_hist_ok"": false, ""salary_floor_ok"": true, ""max_delinquencies_ok"": true, ""max_current_loans_ok"": true, ""req_range_ok"": true, ""term_allowed_ok"": true, ""income_debt_ratio_ok"": true, ""credit_score_soft_ok"": false}"
APP_0172,credit_score_vs_dti,Score=0.000 with DTI=0.08 and CS=564,"{""max_dti_ok"": true, ""min_emp_years_ok"": true, ""min_credit_hist_ok"": false, ""salary_floor_ok"": true, ""max_delinquencies_ok"": true, ""max_current_loans_ok"": true, ""req_range_ok"": true, ""term_allowed_ok"": true, ""income_debt_ratio_ok"": true, ""credit_score_soft_ok"": true}"
APP_0173,credit_score_vs_dti,Score=1.000 with DTI=0.36 and CS=644,"{""max_dti_ok"": true, ""min_emp_years_ok"": true, ""min_credit_hist_ok"": false, ""salary_floor_ok"": true, ""max_delinquencies_ok"": true, ""max_current_loans_ok"": true, ""req_range_ok"": true, ""term_allowed_ok"": true, ""income_debt_ratio_ok"": true, ""credit_score_soft_ok"": true}"
APP_0174,credit_score_vs_dti,Score=0.000 with DTI=0.87 and CS=551,"{""max_dti_ok"": false, ""min_emp_years_ok"": true, ""min_credit_hist_ok"": false, ""salary_floor_ok"": true, ""max_delinquencies_ok"": true, ""max_current_loans_ok"": true, ""req_range_ok"": true, ""term_allowed_ok"": true, ""income_debt_ratio_ok"": true, ""credit_score_soft_ok"": true}"
APP_0175,credit_score_vs_dti,Score=1.000 with DTI=0.24 and CS=684,"{""max_dti_ok"": true, ""min_emp_years_ok"": true, ""min_credit_hist_ok"": false, ""salary_floor_ok"": true, ""max_delinquencies_ok"": true, ""max_current_loans_ok"": true, ""req_range_ok"": true, ""term_allowed_ok"": true, ""income_debt_ratio_ok"": true, ""credit_score_soft_ok"": true}"
APP_0176,credit_score_vs_dti,Score=0.000 with DTI=0.17 and CS=432,"{""max_dti_ok"": true, ""min_emp_years_ok"": true, ""min_credit_hist_ok"": false, ""salary_floor_ok"": true, ""max_delinquencies_ok"": true, ""max_current_loans_ok"": true, ""req_range_ok"": true, ""term_allowed_ok"": false, ""income_debt_ratio_ok"": true, ""credit_score_soft_ok"": false}"
APP_0177,credit_score_vs_dti,Score=1.000 with DTI=1.20 and CS=633,"{""max_dti_ok"": false, ""min_emp_years_ok"": true, ""min_credit_hist_ok"": false, ""salary_floor_ok"": true, ""max_delinquencies_ok"": true, ""max_current_loans_ok"": true, ""req_range_ok"": true, ""term_allowed_ok"": true, ""income_debt_ratio_ok"": true, ""credit_score_soft_ok"": true}"
APP_0178,credit_score_vs_dti,Score=1.000 with DTI=0.62 and CS=654,"{""max_dti_ok"": false, ""min_emp_years_ok"": true, ""min_credit_hist_ok"": false, ""salary_floor_ok"": false, ""max_delinquencies_ok"": true, ""max_current_loans_ok"": true, ""req_range_ok"": true, ""term_allowed_ok"": true, ""income_debt_ratio_ok"": true, ""credit_score_soft_ok"": true}"
APP_0179,credit_score_vs_dti,Score=1.000 with DTI=0.12 and CS=648,"{""max_dti_ok"": true, ""min_emp_years_ok"": true, ""min_credit_hist_ok"": false, ""salary_floor_ok"": true, ""max_delinquencies_ok"": true, ""max_current_loans_ok"": true, ""req_range_ok"": true, ""term_allowed_ok"": true, ""income_debt_ratio_ok"": true, ""credit_score_soft_ok"": true}"
APP_0180,credit_score_vs_dti,Score=0.000 with DTI=0.31 and CS=459,"{""max_dti_ok"": true, ""min_emp_years_ok"": true, ""min_credit_hist_ok"": false, ""salary_floor_ok"": true, ""max_delinquencies_ok"": true, ""max_current_loans_ok"": true, ""req_range_ok"": true, ""term_allowed_ok"": true, ""income_debt_ratio_ok"": true, ""credit_score_soft_ok"": false}"
APP_0181,credit_score_vs_dti,Score=0.000 with DTI=0.43 and CS=467,"{""max_dti_ok"": true, ""min_emp_years_ok"": false, ""min_credit_hist_ok"": false, ""salary_floor_ok"": true, ""max_delinquencies_ok"": true, ""max_current_loans_ok"": true, ""req_range_ok"": true, ""term_allowed_ok"": true, ""income_debt_ratio_ok"": true, ""credit_score_soft_ok"": false}"
APP_0182,credit_score_vs_dti,Score=0.000 with DTI=1.30 and CS=441,"{""max_dti_ok"": false, ""min_emp_years_ok"": true, ""min_credit_hist_ok"": false, ""salary_floor_ok"": true, ""max_delinquencies_ok"": true, ""max_current_loans_ok"": true, ""req_range_ok"": true, ""term_allowed_ok"": true, ""income_debt_ratio_ok"": true, ""credit_score_soft_ok"": false}"
APP_0183,credit_score_vs_dti,Score=0.000 with DTI=0.37 and CS=553,"{""max_dti_ok"": true, ""min_emp_years_ok"": true, ""min_credit_hist_ok"": false, ""salary_floor_ok"": true, ""max_delinquencies_ok"": true, ""max_current_loans_ok"": true, ""req_range_ok"": true, ""term_allowed_ok"": true, ""income_debt_ratio_ok"": true, ""credit_score_soft_ok"": true}"
APP_0184,credit_score_vs_dti,Score=0.998 with DTI=0.33 and CS=622,"{""max_dti_ok"": true, ""min_emp_years_ok"": false, ""min_credit_hist_ok"": false, ""salary_floor_ok"": true, ""max_delinquencies_ok"": true, ""max_current_loans_ok"": true, ""req_range_ok"": true, ""term_allowed_ok"": true, ""income_debt_ratio_ok"": true, ""credit_score_soft_ok"": true}"
APP_0185,credit_score_vs_dti,Score=0.000 with DTI=0.18 and CS=499,"{""max_dti_ok"": true, ""min_emp_years_ok"": true, ""min_credit_hist_ok"": false, ""salary_floor_ok"": true, ""max_delinquencies_ok"": true, ""max_current_loans_ok"": true, ""req_range_ok"": true, ""term_allowed_ok"": true, ""income_debt_ratio_ok"": true, ""credit_score_soft_ok"": false}"
APP_0186,credit_score_vs_dti,Score=0.000 with DTI=0.07 and CS=525,"{""max_dti_ok"": true, ""min_emp_years_ok"": true, ""min_credit_hist_ok"": false, ""salary_floor_ok"": true, ""max_delinquencies_ok"": true, ""max_current_loans_ok"": true, ""req_range_ok"": true, ""term_allowed_ok"": true, ""income_debt_ratio_ok"": true, ""credit_score_soft_ok"": false}"
APP_0187,credit_score_vs_dti,Score=0.000 with DTI=0.56 and CS=457,"{""max_dti_ok"": false, ""min_emp_years_ok"": true, ""min_credit_hist_ok"": false, ""salary_floor_ok"": true, ""max_delinquencies_ok"": true, ""max_current_loans_ok"": true, ""req_range_ok"": true, ""term_allowed_ok"": true, ""income_debt_ratio_ok"": true, ""credit_score_soft_ok"": false}"
APP_0188,credit_score_vs_dti,Score=0.000 with DTI=0.07 and CS=420,"{""max_dti_ok"": true, ""min_emp_years_ok"": true, ""min_credit_hist_ok"": false, ""salary_floor_ok"": true, ""max_delinquencies_ok"": true, ""max_current_loans_ok"": true, ""req_range_ok"": true, ""term_allowed_ok"": true, ""income_debt_ratio_ok"": true, ""credit_score_soft_ok"": false}"
APP_0189,credit_score_vs_dti,Score=1.000 with DTI=0.36 and CS=661,"{""max_dti_ok"": true, ""min_emp_years_ok"": true, ""min_credit_hist_ok"": false, ""salary_floor_ok"": true, ""max_delinquencies_ok"": true, ""max_current_loans_ok"": true, ""req_range_ok"": true, ""term_allowed_ok"": true, ""income_debt_ratio_ok"": true, ""credit_score_soft_ok"": true}"
APP_0190,credit_score_vs_dti,Score=1.000 with DTI=0.26 and CS=748,"{""max_dti_ok"": true, ""min_emp_years_ok"": true, ""min_credit_hist_ok"": false, ""salary_floor_ok"": true, ""max_delinquencies_ok"": true, ""max_current_loans_ok"": true, ""req_range_ok"": true, ""term_allowed_ok"": true, ""income_debt_ratio_ok"": true, ""credit_score_soft_ok"": true}"
APP_0191,credit_score_vs_dti,Score=0.000 with DTI=0.49 and CS=459,"{""max_dti_ok"": false, ""min_emp_years_ok"": true, ""min_credit_hist_ok"": false, ""salary_floor_ok"": true, ""max_delinquencies_ok"": true, ""max_current_loans_ok"": true, ""req_range_ok"": true, ""term_allowed_ok"": true, ""income_debt_ratio_ok"": true, ""credit_score_soft_ok"": false}"
APP_0192,credit_score_vs_dti,Score=1.000 with DTI=0.12 and CS=773,"{""max_dti_ok"": true, ""min_emp_years_ok"": true, ""min_credit_hist_ok"": false, ""salary_floor_ok"": true, ""max_delinquencies_ok"": true, ""max_current_loans_ok"": true, ""req_range_ok"": true, ""term_allowed_ok"": false, ""income_debt_ratio_ok"": true, ""credit_score_soft_ok"": true}"
APP_0193,credit_score_vs_dti,Score=0.053 with DTI=0.12 and CS=614,"{""max_dti_ok"": true, ""min_emp_years_ok"": true, ""min_credit_hist_ok"": false, ""salary_floor_ok"": true, ""max_delinquencies_ok"": true, ""max_current_loans_ok"": true, ""req_range_ok"": true, ""term_allowed_ok"": true, ""income_debt_ratio_ok"": true, ""credit_score_soft_ok"": true}"
APP_0194,credit_score_vs_dti,Score=0.000 with DTI=0.35 and CS=392,"{""max_dti_ok"": true, ""min_emp_years_ok"": true, ""min_credit_hist_ok"": false, ""salary_floor_ok"": true, ""max_delinquencies_ok"": true, ""max_current_loans_ok"": true, ""req_range_ok"": true, ""term_allowed_ok"": true, ""income_debt_ratio_ok"": true, ""credit_score_soft_ok"": false}"
APP_0195,credit_score_vs_dti,Score=0.000 with DTI=0.00 and CS=501,"{""max_dti_ok"": true, ""min_emp_years_ok"": false, ""min_credit_hist_ok"": false, ""salary_floor_ok"": true, ""max_delinquencies_ok"": true, ""max_current_loans_ok"": true, ""req_range_ok"": true, ""term_allowed_ok"": false, ""income_debt_ratio_ok"": true, ""credit_score_soft_ok"": false}"
APP_0196,credit_score_vs_dti,Score=0.000 with DTI=0.23 and CS=304,"{""max_dti_ok"": true, ""min_emp_years_ok"": true, ""min_credit_hist_ok"": false, ""salary_floor_ok"": true, ""max_delinquencies_ok"": true, ""max_current_loans_ok"": true, ""req_range_ok"": true, ""term_allowed_ok"": true, ""income_debt_ratio_ok"": true, ""credit_score_soft_ok"": false}"
APP_0197,credit_score_vs_dti,Score=0.000 with DTI=0.32 and CS=321,"{""max_dti_ok"": true, ""min_emp_years_ok"": true, ""min_credit_hist_ok"": false, ""salary_floor_ok"": true, ""max_delinquencies_ok"": true, ""max_current_loans_ok"": true, ""req_range_ok"": true, ""term_allowed_ok"": false, ""income_debt_ratio_ok"": true, ""credit_score_soft_ok"": false}"
APP_0198,credit_score_vs_dti,Score=0.000 with DTI=0.66 and CS=484,"{""max_dti_ok"": false, ""min_emp_years_ok"": true, ""min_credit_hist_ok"": false, ""salary_floor_ok"": true, ""max_delinquencies_ok"": true, ""max_current_loans_ok"": true, ""req_range_ok"": true, ""term_allowed_ok"": true, ""income_debt_ratio_ok"": true, ""credit_score_soft_ok"": false}"
APP_0199,credit_score_vs_dti,Score=0.000 with DTI=0.15 and CS=549,"{""max_dti_ok"": true, ""min_emp_years_ok"": true, ""min_credit_hist_ok"": false, ""salary_floor_ok"": true, ""max_delinquencies_ok"": true, ""max_current_loans_ok"": true, ""req_range_ok"": true, ""term_allowed_ok"": true, ""income_debt_ratio_ok"": true, ""credit_score_soft_ok"": false}"
APP_0200,credit_score_vs_dti,Score=1.000 with DTI=0.45 and CS=738,"{""max_dti_ok"": false, ""min_emp_years_ok"": true, ""min_credit_hist_ok"": false, ""salary_floor_ok"": true, ""max_delinquencies_ok"": true, ""max_current_loans_ok"": true, ""req_range_ok"": true, ""term_allowed_ok"": false, ""income_debt_ratio_ok"": true, ""credit_score_soft_ok"": true}"
